TimeStamp, FrameNoHeadX, HeadY, HeadZ, ShoulderLeftX, ShoulderLeftY, ShoulderLeftZ, ShoulderRightX, ShoulderRightY, ShoulderRightZ, ShoulderCenterX, ShoulderCenterY, ShoulderCenterZ, KneeLeftX, KneeLeftY, KneeLeftZ, KneeRightX, KneeRightY, KneeRightZ, ElbowLeftX, ElbowLeftY, ElbowLeftZ, ElbowRightX, ElbowRightY, ElbowRightZ, SpineX, SpineY, SpineZ, LeftHandX, LeftHandY, LeftHandZ, RightHandX, RightHandY, RightHandZ, LeftFootX, LeftFootY, LeftFootZ, RightFootX, RightFootY, RightFootZ
0,27,0.2049444,0.8374574,1.808034,0.104681,0.5353019,1.833019,0.4127592,0.5800803,1.72361,0.2506258,0.6211648,1.784448,0.06835077,-0.2018644,1.474021,0.4728502,-0.05706473,1.340286,0.05859193,0.3246242,1.832057,0.5232197,0.3830627,1.721787,0.2584553,0.387949,1.750464,-0.0783548,0.3065341,1.713229,0.5431212,0.4812589,1.47122,0.105733,-0.569304,1.434755,0.4150854,-0.4822516,1.370401
0,28,0.2110776,0.8366355,1.807983,0.1067006,0.5361229,1.832991,0.4168147,0.5832492,1.723849,0.2544213,0.6220505,1.782368,0.07626004,-0.25895,1.509857,0.5173642,-0.1300712,1.366166,0.06398136,0.3223707,1.830006,0.5250751,0.3830384,1.726399,0.2598647,0.3929285,1.737274,-0.1778055,0.4028063,1.631837,0.5530197,0.4600479,1.480792,0.0931996,-0.6175079,1.439822,0.4793111,-0.5076933,1.328499
0,29,0.2147149,0.8376342,1.808681,0.1080736,0.539547,1.841007,0.4161583,0.5788313,1.71801,0.2589532,0.6220284,1.780421,0.1463689,-0.2492881,1.521828,0.3892628,-0.2286796,1.44716,0.07632281,0.3201666,1.826379,0.5247208,0.3395962,1.73064,0.2644821,0.3899663,1.730385,-0.1555809,0.3965278,1.639506,0.5663558,0.4616036,1.476373,0.126161,-0.5362225,1.450879,0.3949412,-0.4408193,1.392066
0,30,0.2211234,0.8390433,1.808366,0.1121561,0.5430352,1.842945,0.4163918,0.5788259,1.718232,0.2653305,0.6227188,1.778648,0.1372084,-0.2638581,1.518149,0.3995762,-0.2441101,1.44641,0.1007055,0.3185031,1.821854,0.5311074,0.3357843,1.726814,0.2691847,0.3893927,1.726754,-0.07998051,0.3691709,1.639124,0.5858133,0.4697875,1.457578,0.1306941,-0.5102118,1.452448,0.3951724,-0.3974457,1.396204
1,31,0.2254431,0.8394673,1.808153,0.115351,0.5456157,1.843532,0.4166818,0.5788393,1.718399,0.2689066,0.62326,1.777652,0.1340204,-0.270885,1.514683,0.4047957,-0.2537239,1.4473,0.1029816,0.3188044,1.821113,0.5363119,0.3338765,1.722127,0.2726704,0.3894346,1.724843,-0.06113118,0.3597527,1.633165,0.5923041,0.4747016,1.448233,0.08203125,-0.737793,1.376953,0.3954381,-0.3982017,1.396184
1,32,0.2287444,0.8400656,1.807763,0.1151043,0.5456221,1.843146,0.4169504,0.5788316,1.718604,0.2708696,0.6232528,1.777299,0.125933,-0.274453,1.512479,0.4076987,-0.2588049,1.447439,0.1048682,0.3191905,1.822648,0.5371324,0.3314408,1.721268,0.2736637,0.3894536,1.724673,-0.04756607,0.3436807,1.618687,0.5904531,0.4714258,1.439238,0.1184641,-0.7458243,1.353635,0.3957078,-0.3985271,1.396191
1,33,0.2305675,0.8405207,1.807384,0.1155372,0.546312,1.842787,0.4173142,0.5787732,1.718976,0.2718909,0.6232408,1.777315,0.1155348,-0.2771069,1.517274,0.4099382,-0.2619747,1.446655,0.1351323,0.2741877,1.785578,0.5337954,0.3273228,1.724299,0.2740718,0.3894383,1.724854,-0.05985089,0.3442955,1.610076,0.583216,0.4657556,1.440856,0.1158039,-0.7349322,1.356652,0.3964418,-0.399608,1.396647
1,34,0.2315551,0.8401794,1.806737,0.1153004,0.5460466,1.842087,0.418133,0.5773973,1.719622,0.272287,0.6228862,1.777301,0.1064176,-0.2785392,1.522284,0.4114394,-0.2631376,1.445222,0.1085552,0.2803776,1.829774,0.5236217,0.3160537,1.735822,0.2740602,0.389345,1.725091,-0.05913501,0.3368029,1.600668,0.5658473,0.4500345,1.442525,0.1100229,-0.728039,1.358023,0.3936467,-0.4027222,1.397036
1,35,0.231778,0.8393771,1.806295,0.1134893,0.5453797,1.841688,0.4187085,0.5763311,1.720317,0.2696281,0.622127,1.777907,0.08932317,-0.277261,1.531215,0.4117774,-0.2625721,1.443407,0.08301356,0.2810142,1.815773,0.5057943,0.3043746,1.75857,0.2714639,0.3891417,1.726552,-0.1148423,0.3474912,1.564023,0.5423579,0.4303128,1.447139,0.1045004,-0.7260686,1.360767,0.4209002,-0.3987689,1.39629
1,36,0.2311194,0.8379443,1.805459,0.108949,0.5455927,1.842933,0.4186869,0.5754666,1.720946,0.2686414,0.6201823,1.778259,0.08564454,-0.2825433,1.53419,0.4112742,-0.259198,1.440424,0.04299159,0.2986927,1.804028,0.5111028,0.3453937,1.711995,0.2688372,0.3874927,1.728317,-0.1461518,0.3449759,1.534752,0.5137064,0.4073977,1.453203,0.101971,-0.7303492,1.356826,0.4203394,-0.3961565,1.395028
1,37,0.2260833,0.834741,1.805875,0.09030732,0.5437434,1.845866,0.4140151,0.5715277,1.722987,0.2599158,0.6153769,1.782299,0.08070563,-0.2883633,1.546879,0.4040533,-0.2567825,1.435093,0.009328533,0.3471837,1.774106,0.4939569,0.3076617,1.667167,0.259641,0.3838223,1.735188,-0.2154209,0.3372934,1.472916,0.4493912,0.3876188,1.466822,0.09888241,-0.7251979,1.359041,0.3877047,-0.3987976,1.396304
1,38,0.2200616,0.8328444,1.807146,0.08457628,0.5428066,1.8434,0.4021378,0.5699831,1.725298,0.25115,0.6129564,1.787138,0.07951505,-0.2923994,1.551223,0.4017909,-0.2549863,1.4357,-0.04867757,0.312184,1.724518,0.4940133,0.314703,1.67056,0.2518258,0.3821276,1.74133,-0.2222754,0.3354265,1.44893,0.4151192,0.3931552,1.470222,0.09790612,-0.7269043,1.357946,0.3806188,-0.3710938,1.406535
1,39,0.2042329,0.833348,1.8126,0.05570485,0.5449252,1.838457,0.3615947,0.5689029,1.738349,0.2284232,0.6121539,1.795947,0.07496337,-0.2935419,1.555033,0.4006702,-0.2432359,1.445988,-0.0709389,0.3500108,1.707366,0.470509,0.3703635,1.651277,0.2306864,0.3816421,1.755608,-0.1971814,0.3459702,1.424015,0.3520338,0.4459502,1.469512,0.09809043,-0.7244626,1.364376,0.3634284,-0.5519703,1.416275
1,40,0.1971694,0.8346019,1.813874,0.04670325,0.5464618,1.838119,0.356706,0.5578906,1.737603,0.2178799,0.6119326,1.799438,0.004686267,-0.2782064,1.573105,0.4269557,-0.2246095,1.44064,-0.07096151,0.3497214,1.71014,0.4659754,0.3758938,1.647744,0.2208065,0.3807285,1.761016,-0.1638984,0.36631,1.43459,0.3257891,0.4697503,1.464476,0.0617341,-0.737398,1.379534,0.3904818,-0.4439647,1.38429
1,41,0.1893217,0.8358065,1.81526,0.03502653,0.5491672,1.839282,0.3549707,0.5557489,1.737478,0.2067079,0.6114138,1.802414,0.01547534,-0.2828979,1.564223,0.4323774,-0.2168593,1.444353,-0.07187954,0.3350447,1.724563,0.455783,0.3838787,1.636687,0.2099856,0.3801294,1.765461,-0.1195179,0.3865585,1.456377,0.2948456,0.496022,1.444153,0.06739796,-0.7410013,1.377316,0.4044513,-0.5854937,1.216145
1,42,0.182668,0.8369284,1.81767,0.02948946,0.553362,1.839325,0.3352676,0.5426931,1.74113,0.1975027,0.6132816,1.805127,0.03412834,-0.2896191,1.564889,0.3678585,-0.2697242,1.51925,-0.08862839,0.328298,1.719496,0.4389257,0.3793918,1.635656,0.1999662,0.3811895,1.769119,-0.07307994,0.4031087,1.488943,0.2685159,0.5120301,1.422775,0.09200108,-0.7440557,1.366078,0.4157932,-0.5101532,1.438184
1,43,0.1758029,0.8373414,1.81975,0.02771365,0.5620553,1.833012,0.323234,0.5383822,1.742499,0.1905231,0.6140499,1.806717,0.03666312,-0.2916617,1.559708,0.3647847,-0.270054,1.527007,-0.04438651,0.3311364,1.781699,0.4335891,0.3839721,1.632887,0.1901412,0.3811191,1.771093,-0.02883242,0.4095776,1.528394,0.2449003,0.5181995,1.401272,0.09518167,-0.7472048,1.362978,0.4031855,-0.5764026,1.403186
1,44,0.1684344,0.837199,1.822495,0.008584165,0.5668196,1.838242,0.3102584,0.5264161,1.743994,0.1803349,0.6140009,1.806668,0.022027,-0.2904116,1.550434,0.3653604,-0.2711035,1.539327,-0.04284829,0.3249847,1.781712,0.4163911,0.3824828,1.617507,0.1776454,0.3796906,1.771086,0.01373115,0.4271601,1.557295,0.222513,0.5162124,1.377643,0.09553015,-0.7504967,1.360316,0.3962801,-0.5752984,1.408084
1,45,0.1594173,0.8360795,1.826126,-0.002701634,0.5630834,1.839766,0.2976353,0.5207198,1.745612,0.1688339,0.6131769,1.808257,0.02091421,-0.2918404,1.544931,0.352975,-0.2783729,1.559711,-0.04981619,0.3054411,1.798845,0.3956945,0.3814582,1.608028,0.1668424,0.3780473,1.771867,0.03742773,0.4386432,1.590702,0.2049085,0.5074128,1.359979,0.09413993,-0.7536015,1.358349,0.3952163,-0.575768,1.411089
1,46,0.1506322,0.833614,1.830219,-0.01353544,0.5566304,1.840135,0.2852051,0.5126085,1.749717,0.1533279,0.6094714,1.812608,0.01515822,-0.2930652,1.532895,0.3199033,-0.2916585,1.573613,-0.06644043,0.2995116,1.825872,0.3250808,0.4070399,1.559651,0.1536382,0.3740488,1.773797,0.04510666,0.4462141,1.614792,0.1906803,0.4988351,1.353441,0.09279078,-0.7545424,1.358643,0.3656218,-0.5607754,1.429699
1,47,0.1363397,0.8288302,1.833424,-0.02793508,0.5535722,1.843495,0.27951,0.5138434,1.754343,0.1417418,0.6031567,1.813549,0.01403427,-0.2944523,1.528248,0.309036,-0.2938069,1.578303,-0.08488253,0.2991472,1.840419,0.3180717,0.4057715,1.56603,0.1414308,0.3695175,1.774449,0.03568185,0.4450692,1.626961,0.1797633,0.4910035,1.361867,0.09255698,-0.7572032,1.35528,0.3688492,-0.5553234,1.425997
1,48,0.1262355,0.8247067,1.836749,-0.04249384,0.5521281,1.847666,0.2759767,0.5207672,1.769473,0.1279051,0.5969247,1.816005,0.01182066,-0.2932887,1.52446,0.3047117,-0.2913813,1.579159,-0.102671,0.3012829,1.844458,0.3057012,0.3890727,1.589676,0.1299517,0.3668166,1.775934,0.02127311,0.4545008,1.632346,0.1709954,0.4840485,1.38074,0.09034452,-0.7603275,1.353848,0.3688065,-0.5556013,1.426265
1,49,0.1127147,0.8196285,1.841225,-0.0616143,0.5495267,1.849799,0.2729139,0.5250353,1.783341,0.110733,0.5937859,1.824155,0.01127761,-0.2932409,1.521492,0.3037411,-0.2890171,1.578183,-0.1291354,0.3107899,1.834493,0.2951431,0.3743828,1.613353,0.1163276,0.3648856,1.780461,0.004279286,0.4539229,1.626045,0.1671762,0.4737879,1.408797,0.09037016,-0.7618697,1.351988,0.3644132,-0.5577837,1.428927
1,50,0.08857467,0.8171293,1.849037,-0.109038,0.5532137,1.855692,0.2726411,0.5452822,1.842782,0.08115683,0.5919758,1.841716,-0.006832014,-0.2923379,1.535032,0.301537,-0.267751,1.555504,-0.1696568,0.3073781,1.787384,0.2869357,0.3301384,1.692146,0.08953093,0.3669388,1.792649,-0.02442393,0.4514575,1.602268,0.1468892,0.4826235,1.397359,0.08208968,-0.7608899,1.347163,0.3468344,-0.566951,1.436909
1,51,0.07768074,0.8177353,1.852377,-0.1087394,0.5530456,1.853784,0.2618645,0.5520298,1.848325,0.07507958,0.5915444,1.843354,-0.01014198,-0.2939706,1.541504,0.2991904,-0.2591998,1.530607,-0.1877657,0.2884483,1.781523,0.2840318,0.3047477,1.740132,0.0837542,0.3671447,1.794184,-0.0283528,0.4541867,1.571617,0.1773818,0.4101701,1.529943,0.04791179,-0.7510654,1.373502,0.3467767,-0.5651105,1.430215
1,52,0.0494489,0.8158728,1.860117,-0.1185949,0.5558587,1.84817,0.2319938,0.548204,1.858657,0.05619702,0.594075,1.848133,-0.01366795,-0.3005632,1.548081,0.2931792,-0.2097698,1.458539,-0.1681283,0.3454999,1.673788,0.2704066,0.281632,1.79107,0.06197647,0.3674162,1.798846,-0.00705512,0.4592683,1.45866,0.1851852,0.3583777,1.607281,0.04608193,-0.7487506,1.375232,0.2580566,-0.3894043,1.464844
1,53,0.0404128,0.8138514,1.861665,-0.118689,0.5559082,1.848061,0.2270848,0.5470729,1.859854,0.0485089,0.5938295,1.848495,-0.01741523,-0.3003975,1.549716,0.277288,-0.2095016,1.452274,-0.1618706,0.3527671,1.639019,0.2664245,0.2777379,1.794195,0.05762353,0.3661555,1.79891,-0.01579728,0.4332823,1.411664,0.1790726,0.3164489,1.663456,0.04375053,-0.7476631,1.375426,0.2593715,-0.3910478,1.459584
1,54,0.02754786,0.8090912,1.864359,-0.128582,0.5603157,1.842716,0.2118896,0.5459698,1.865174,0.04319228,0.5913486,1.849706,-0.0213041,-0.302009,1.54897,0.2627555,-0.2139428,1.451713,-0.1656136,0.3508057,1.637097,0.2705629,0.2815658,1.834629,0.05187294,0.3627767,1.800013,-0.01920384,0.4051731,1.35801,0.1756934,0.2924655,1.678911,0.04306725,-0.7471609,1.375843,0.3023266,-0.4122754,1.409461
1,55,0.01404199,0.8027526,1.865018,-0.1279818,0.5596739,1.84262,0.2109078,0.5455936,1.864921,0.04411374,0.5893707,1.849423,-0.02525584,-0.3094051,1.548598,0.257091,-0.215988,1.450484,-0.171759,0.3618812,1.624856,0.2662043,0.2805488,1.836256,0.05285911,0.3603393,1.800056,-0.02520883,0.3726774,1.321835,0.1430571,0.1793969,1.643166,0.02880983,-0.6935089,1.317741,0.2580566,-0.4257813,1.435547
1,56,0.002949098,0.7963113,1.864356,-0.1390263,0.5504867,1.828725,0.1869222,0.5379035,1.86261,0.01782458,0.5709915,1.848121,-0.02842221,-0.3166343,1.548681,0.2497567,-0.2210847,1.450972,-0.1871051,0.3553675,1.607847,0.2585438,0.2792617,1.835786,0.03016271,0.3453653,1.799167,-0.03797204,0.3502378,1.307683,0.1620974,0.2355603,1.5564,0.03260112,-0.6909551,1.318603,0.2569323,-0.4261272,1.434509
1,57,-0.003711674,0.7945563,1.863708,-0.1478711,0.5443932,1.825324,0.182326,0.536745,1.86169,0.01424337,0.5691184,1.848049,-0.02992334,-0.3190022,1.549397,0.2473526,-0.2228836,1.451747,-0.1966083,0.34584,1.607776,0.236173,0.2746614,1.804842,0.02540357,0.3427625,1.79927,-0.04772365,0.3481827,1.314777,0.1389457,0.2306069,1.522024,0.03279839,-0.6901683,1.318639,0.2513884,-0.4350101,1.426879
1,58,-0.01108435,0.7935914,1.862129,-0.1528951,0.5434462,1.826242,0.1767839,0.5363695,1.858526,0.01090795,0.5686149,1.847933,-0.03216833,-0.3169405,1.551642,0.2454283,-0.2274691,1.456896,-0.1939098,0.3358785,1.615778,0.2429368,0.279333,1.833402,0.02427611,0.3425228,1.79959,-0.05462221,0.3554304,1.349119,0.1514352,0.3565474,1.644114,0.03153489,-0.6892369,1.318319,0.2457544,-0.4791528,1.41714
1,59,-0.01663736,0.7943863,1.859683,-0.1638251,0.5407493,1.830013,0.1739644,0.5374994,1.855372,0.008202335,0.5698591,1.847968,-0.03403579,-0.313549,1.553367,0.2453018,-0.239065,1.47902,-0.2068794,0.3112136,1.645099,0.2441821,0.2790558,1.834168,0.02295902,0.3436379,1.8004,-0.06595971,0.3638836,1.403903,0.1368796,0.3879448,1.616442,0.02907517,-0.6892381,1.317368,0.2219828,-0.6881281,1.400839
1,60,-0.02008231,0.7963668,1.859049,-0.178951,0.536832,1.834517,0.172387,0.543143,1.853396,0.005582403,0.5719707,1.848016,-0.03486103,-0.3090635,1.554608,0.2448906,-0.2541552,1.519287,-0.2381128,0.2819395,1.701127,0.253277,0.317251,1.796758,0.02188919,0.3460422,1.80199,-0.08049228,0.3683388,1.465835,0.1057722,0.4133563,1.585569,0.02595453,-0.6898168,1.31682,0.2174214,-0.7083566,1.389825
2,61,-0.02288473,0.8000976,1.857441,-0.1810376,0.5349414,1.834892,0.1688208,0.5465685,1.843374,0.001615519,0.5756541,1.848054,-0.03136244,-0.3038341,1.545369,0.2456025,-0.2752464,1.563177,-0.2446161,0.2719343,1.781294,0.2356891,0.3512866,1.70575,0.02129165,0.3483231,1.803121,-0.1010752,0.3648408,1.571653,0.07332127,0.4368441,1.510332,0.04045245,-0.7504575,1.371688,0.2170768,-0.7209126,1.380264
2,62,-0.02489174,0.8000588,1.854946,-0.1832615,0.5316781,1.836656,0.1597219,0.5459288,1.825922,0.00176603,0.577094,1.84699,-0.01454737,-0.2898536,1.507653,0.2346063,-0.3115263,1.581661,-0.2420858,0.2774887,1.837958,0.2030973,0.3899468,1.61078,0.02179864,0.3484938,1.802978,-0.1164173,0.3476266,1.648944,0.009053912,0.4404094,1.399868,0.04098104,-0.7504342,1.370541,0.2174172,-0.7206638,1.380137
2,63,-0.02676832,0.7988756,1.852573,-0.1793271,0.5310348,1.833913,0.1620242,0.5518019,1.833625,0.001741186,0.5770717,1.846717,-0.01393508,-0.288831,1.505398,0.2288742,-0.3306884,1.575917,-0.237565,0.2755838,1.834205,0.1964245,0.3968934,1.594629,0.02186816,0.348436,1.802875,-0.1220338,0.3387936,1.663178,0.01518353,0.4154719,1.360033,0.04011805,-0.7480012,1.371555,0.2253877,-0.7202738,1.37678
2,64,-0.03005212,0.7977515,1.848089,-0.1765451,0.5319303,1.83085,0.1602055,0.552211,1.831739,0.001679433,0.5767573,1.846029,-0.01231301,-0.2879172,1.507298,0.2223335,-0.3525197,1.558782,-0.2022311,0.2969216,1.769553,0.1561804,0.4190712,1.56231,0.02181867,0.3483359,1.802637,-0.08376874,0.4454153,1.574034,0.0283989,0.3726503,1.324504,0.04076026,-0.7457535,1.370157,0.22312,-0.727747,1.369182
2,65,-0.03319984,0.7982311,1.844789,-0.1751397,0.5328501,1.829077,0.1589641,0.5531262,1.830466,0.001381158,0.5766296,1.845113,-0.01145171,-0.28734,1.510538,0.2214167,-0.3529655,1.556301,-0.205125,0.2960021,1.774026,0.1730462,0.3833523,1.585423,0.02165997,0.3484865,1.802295,-0.08527926,0.4248099,1.564431,0.03085487,0.3644418,1.341497,0.04095498,-0.7449316,1.370707,0.2225031,-0.728802,1.369437
2,66,-0.04337706,0.8025652,1.840267,-0.1756096,0.5335842,1.828026,0.1584072,0.5532835,1.830142,-0.0001414701,0.577502,1.844003,-0.02354374,-0.2932586,1.533376,0.218527,-0.3478101,1.55065,-0.2257943,0.2862449,1.774908,0.16531,0.3713907,1.589811,0.01986725,0.3506157,1.800996,-0.1450297,0.3771488,1.594068,-0.01197655,0.3684321,1.265711,0.04182768,-0.7470496,1.369526,0.2247715,-0.7265387,1.372877
2,67,-0.0529614,0.8051904,1.83668,-0.1932257,0.536079,1.828021,0.148008,0.5515928,1.820811,-0.009111525,0.5841593,1.838388,-0.02691777,-0.2936817,1.539859,0.2176438,-0.3462394,1.54675,-0.2416989,0.2715793,1.775195,0.2155605,0.3134745,1.677526,0.01452903,0.3558514,1.797676,-0.1399266,0.3736807,1.560485,0.06140892,0.3355402,1.451059,0.04282788,-0.747961,1.370342,0.2269273,-0.7225756,1.376857
2,68,-0.09964062,0.788148,1.818803,-0.1994219,0.5221491,1.823779,0.1403162,0.5502127,1.805675,-0.02713488,0.5799279,1.824847,-0.03827204,-0.3171072,1.544711,0.1988615,-0.3034722,1.486786,-0.2549778,0.346465,1.660634,0.2383864,0.3666141,1.851264,0.003767045,0.3530878,1.78253,-0.09748637,0.2877578,1.375836,0.1300197,0.2458638,1.570056,0.0425581,-0.7471626,1.370914,0.2311874,-0.7222474,1.380418
2,69,-0.1008574,0.786724,1.817587,-0.2012766,0.5153432,1.819916,0.1387497,0.5501504,1.802322,-0.02557842,0.5788447,1.825633,-0.03949782,-0.3208536,1.543604,0.1982842,-0.3033197,1.4844,-0.2340437,0.3413919,1.622229,0.2407108,0.3661777,1.851679,0.004006327,0.3520957,1.781317,-0.1001901,0.2610209,1.35151,0.159323,0.2178333,1.601135,0.01505199,-0.7005427,1.316101,0.2294946,-0.7228826,1.380502
2,70,-0.1028356,0.7842984,1.815073,-0.2026181,0.5110989,1.815652,0.1377115,0.5505464,1.800281,-0.02593704,0.5782904,1.824805,-0.04031952,-0.3218486,1.542576,0.1975815,-0.3004551,1.476609,-0.2298191,0.3114879,1.591729,0.2512836,0.367181,1.84965,0.002272683,0.3510762,1.777765,-0.1008355,0.255271,1.345976,0.1538682,0.2302158,1.623071,0.03333256,-0.7492912,1.367655,0.2193887,-0.71786,1.37404
2,71,-0.102353,0.7836039,1.809957,-0.2011059,0.506312,1.804461,0.138201,0.552107,1.798072,-0.0262352,0.5790164,1.814537,-0.0396736,-0.320725,1.539686,0.2108942,-0.2717556,1.45401,-0.2314307,0.2774169,1.63751,0.2727894,0.3820049,1.797318,0.0009002824,0.3526036,1.768008,-0.081034,0.2996002,1.390971,0.1285808,0.26725,1.454182,0.0320823,-0.7490296,1.366069,0.2494244,-0.6334906,1.278057
2,72,-0.09951621,0.7846218,1.803789,-0.2011053,0.5063297,1.804441,0.1382919,0.5521297,1.796707,-0.02445576,0.5797387,1.80894,-0.03669603,-0.3170897,1.533692,0.2155083,-0.273399,1.450077,-0.2292226,0.2768747,1.649632,0.2813247,0.3864802,1.78829,0.002604236,0.3544269,1.762466,-0.0751341,0.3207095,1.429224,0.1421492,0.4023612,1.644492,0.03139764,-0.7480341,1.366494,0.2399097,-0.713347,1.333688
2,73,-0.09328352,0.7878857,1.797797,-0.1935962,0.5067198,1.791987,0.1380987,0.5564534,1.788827,-0.02022472,0.581463,1.802712,-0.03034841,-0.3117729,1.526623,0.2281946,-0.2795889,1.441428,-0.2187854,0.2750546,1.684126,0.3011409,0.3956212,1.769079,0.007543597,0.3564111,1.755648,-0.0730023,0.3330155,1.46885,0.1271377,0.4614305,1.598927,0.01701518,-0.703668,1.317669,0.2732449,-0.6324347,1.228339
2,74,-0.08368398,0.7917876,1.791953,-0.1898216,0.5087067,1.786569,0.1401172,0.5572451,1.784083,-0.0133697,0.5839385,1.796326,-0.01967326,-0.2976936,1.519289,0.2523419,-0.3132434,1.424024,-0.2129105,0.2755391,1.699375,0.3147223,0.4010455,1.752732,0.01419589,0.3587897,1.749392,-0.06854291,0.3387508,1.501467,0.144507,0.4571566,1.610751,0.03664225,-0.7478499,1.369934,0.2421094,-0.7076905,1.306864
2,75,-0.07125843,0.7954208,1.784555,-0.1860281,0.5108446,1.782348,0.146332,0.5551473,1.779781,-0.005656122,0.5863129,1.789981,-0.01341063,-0.2965539,1.514295,0.2569435,-0.3150997,1.421998,-0.1849537,0.2762978,1.705464,0.3306681,0.4044819,1.730522,0.0223819,0.3604722,1.743012,-0.06225123,0.340269,1.52927,0.1516488,0.4748428,1.58031,0.03622334,-0.7470764,1.367669,0.251001,-0.708459,1.291651
2,76,-0.05854928,0.7982723,1.77801,-0.178321,0.5137169,1.776114,0.1607314,0.5341125,1.763442,0.002738049,0.5872403,1.783178,-0.005298641,-0.2994961,1.506468,0.2647784,-0.3168682,1.419876,-0.1735147,0.2866218,1.70875,0.3413773,0.4053997,1.698272,0.0309528,0.3595425,1.736079,-0.05323514,0.3378903,1.551553,0.1513349,0.489361,1.555198,0.03433452,-0.7454868,1.365038,0.2713071,-0.7119775,1.272433
2,77,-0.04466734,0.8000467,1.771343,-0.1706506,0.5172638,1.771049,0.1810773,0.5086513,1.750669,0.0128067,0.5865579,1.774594,-0.0002214314,-0.2996215,1.500926,0.278584,-0.3167913,1.418198,-0.1668262,0.2940391,1.711934,0.3523488,0.4032584,1.663574,0.04048981,0.3569244,1.727394,-0.05583314,0.3039205,1.588709,0.1502763,0.4998063,1.534704,0.03488708,-0.7441103,1.36384,0.2885321,-0.7168836,1.26052
2,78,-0.03056889,0.8027763,1.765021,-0.1617946,0.5216179,1.767215,0.1873098,0.5035812,1.745751,0.02207708,0.5860194,1.767045,0.00475615,-0.3010333,1.496574,0.2819691,-0.3143815,1.421511,-0.1627432,0.2938043,1.730052,0.3599341,0.4008612,1.658369,0.04964192,0.3554216,1.720657,0.005145744,0.198844,1.574981,0.1541798,0.5071603,1.523592,0.03464143,-0.7422322,1.36321,0.3018125,-0.7148453,1.256427
2,79,0.00230038,0.8113223,1.751468,-0.1378032,0.5336207,1.760207,0.2077485,0.5125979,1.720338,0.04844318,0.5923492,1.750623,0.01165638,-0.3002068,1.492556,0.3193538,-0.2720702,1.440253,-0.1629248,0.2976342,1.74386,0.3729665,0.395285,1.637101,0.07301249,0.3603924,1.705526,0.004267183,0.2053896,1.570329,0.1724317,0.5072449,1.510128,0.03982757,-0.7440999,1.359685,0.3381481,-0.6643929,1.258247
2,80,0.01253576,0.8151404,1.747075,-0.1292783,0.5382481,1.757334,0.2308775,0.533447,1.715559,0.06147903,0.5974216,1.744511,0.02045199,-0.2952497,1.49146,0.3203014,-0.2715439,1.439464,-0.1596454,0.300424,1.743941,0.3767329,0.3900487,1.636014,0.08464876,0.3660062,1.699586,0.008589636,0.2093574,1.567144,0.1844314,0.4971572,1.506212,0.04202843,-0.7451593,1.358211,0.3835449,-0.6435547,1.241211
2,81,0.02691492,0.8225684,1.741934,-0.1252779,0.5402933,1.756259,0.2311097,0.5343856,1.715015,0.07408364,0.6044576,1.738086,0.02567771,-0.291593,1.493164,0.322575,-0.2699607,1.437683,-0.1494525,0.3060198,1.733804,0.3767096,0.3911794,1.634452,0.09529727,0.3717971,1.694343,-0.003654329,0.3580858,1.563935,0.198141,0.4815027,1.503409,0.04352229,-0.7455022,1.357719,0.3494486,-0.6592915,1.255199
2,82,0.04072256,0.8300725,1.737426,-0.09548647,0.5528083,1.746228,0.2773573,0.5980833,1.711547,0.09032189,0.6128725,1.730438,0.03074649,-0.2884664,1.495583,0.3258922,-0.2685844,1.432298,-0.1282351,0.3009597,1.706701,0.3831635,0.3918579,1.642931,0.1112429,0.3815582,1.688269,0.01600794,0.401947,1.524824,0.2012534,0.479742,1.488425,0.05860727,-0.7483099,1.369725,0.3480671,-0.6605365,1.255916
2,83,0.05574525,0.836457,1.732791,-0.07780713,0.559042,1.7399,0.285711,0.5960142,1.704141,0.1073652,0.619803,1.72266,0.03917278,-0.2870566,1.500526,0.3298783,-0.2704681,1.425155,-0.1353138,0.2975341,1.705417,0.3851003,0.3891111,1.641451,0.1235635,0.3860283,1.682431,0.02768874,0.4048601,1.488065,0.2193334,0.4593262,1.481789,0.06758931,-0.7486171,1.371997,0.3449113,-0.6618894,1.257224
2,84,0.1143089,0.846375,1.70423,-0.01544598,0.5596191,1.709639,0.3381735,0.5819613,1.654527,0.1644227,0.6283759,1.687224,0.05307655,-0.2830455,1.501305,0.3400671,-0.2785436,1.38681,-0.06071677,0.3417388,1.621947,0.4453111,0.3824084,1.670416,0.1749501,0.3925487,1.649278,0.08088185,0.3748441,1.367125,0.174212,0.3714059,1.513631,0.07143909,-0.7487312,1.37284,0.3210987,-0.6762651,1.274264
2,85,0.1379849,0.8448642,1.688552,0.01194679,0.5610285,1.69065,0.3568824,0.5839122,1.636125,0.1832036,0.6280301,1.675447,0.05931858,-0.2796693,1.49481,0.3419879,-0.2702308,1.367363,-0.0231405,0.3449811,1.574054,0.4550737,0.3805555,1.655973,0.1867792,0.3934937,1.640993,0.1052516,0.3306286,1.30332,0.1210323,0.3452752,1.285556,0.07367603,-0.7470834,1.374368,0.3182353,-0.679399,1.274023
2,86,0.1507488,0.8440039,1.679823,0.01938071,0.5605668,1.685438,0.3570328,0.5839859,1.636222,0.1939628,0.6274032,1.666979,0.0619995,-0.280366,1.49059,0.3425439,-0.2666253,1.362323,-0.02222809,0.329937,1.550496,0.3522731,0.3872684,1.531706,0.1963281,0.3939176,1.63334,0.1237068,0.3212601,1.281751,0.1338056,0.3310493,1.268483,0.07573523,-0.7460238,1.374716,0.317945,-0.6795535,1.27423
2,87,0.17407,0.84478,1.665913,0.04445368,0.562486,1.669501,0.4030178,0.5913957,1.60298,0.2148751,0.6296057,1.651093,0.0768965,-0.3117118,1.472145,0.3435187,-0.264611,1.357829,-0.0002100335,0.3288064,1.536468,0.4870499,0.3743462,1.569355,0.2124361,0.3964731,1.620255,0.1476768,0.3155416,1.277793,0.1612439,0.3284437,1.258497,0.08186147,-0.7436281,1.374199,0.3189053,-0.6795031,1.274533
2,88,0.1807643,0.8457229,1.662051,0.05242365,0.5657332,1.66611,0.4033256,0.5943556,1.599802,0.2219074,0.6326008,1.645536,0.08557604,-0.3394408,1.464689,0.3440548,-0.2653427,1.355384,0.003568295,0.3272941,1.544066,0.4911152,0.3823442,1.549254,0.2191292,0.3989941,1.614814,0.1522634,0.3194573,1.291717,0.1673597,0.3317898,1.274606,0.0873745,-0.757408,1.358255,0.3294531,-0.6763265,1.273
2,89,0.1874068,0.8474386,1.658072,0.05780722,0.5696534,1.666184,0.4051999,0.6018923,1.592105,0.2276333,0.6359076,1.640278,0.0894837,-0.3477502,1.460595,0.3448498,-0.2673237,1.353384,0.01149067,0.3339277,1.539264,0.5081098,0.3966253,1.53997,0.2244436,0.4020203,1.610227,0.1604202,0.3282975,1.305195,0.1720259,0.339357,1.295063,0.08891609,-0.7540314,1.342563,0.3371051,-0.6794125,1.268651
2,90,0.1918543,0.8492441,1.654609,0.06339429,0.5730727,1.667636,0.4082291,0.6121345,1.582645,0.2326867,0.6399699,1.635288,0.09257919,-0.3524832,1.456942,0.3403755,-0.2723268,1.35323,0.03605518,0.305953,1.58205,0.5183201,0.4152862,1.522311,0.2286029,0.4054219,1.606063,0.1646508,0.3391647,1.325133,0.1700796,0.3498318,1.31659,0.09715876,-0.7604062,1.338821,0.341156,-0.6809946,1.269473
3,91,0.1954582,0.8508827,1.651929,0.067894,0.5759709,1.670173,0.408123,0.6119384,1.582714,0.2368402,0.6442843,1.630109,0.09351604,-0.353141,1.454957,0.340623,-0.272915,1.352692,0.04045359,0.3010166,1.59719,0.5257998,0.4284499,1.510533,0.2315383,0.4082677,1.602041,0.1616466,0.3452855,1.352022,0.326665,0.4474908,1.371439,0.0959374,-0.758956,1.331557,0.3434746,-0.6809845,1.267753
3,92,0.1970501,0.8515383,1.649315,0.07070349,0.5784274,1.672999,0.4082994,0.6141888,1.579006,0.2381005,0.6457243,1.628366,0.09465178,-0.3567218,1.451744,0.3374436,-0.2758433,1.352207,0.04234066,0.2974054,1.612168,0.5343291,0.4356312,1.49921,0.2330871,0.4099398,1.599969,0.1550952,0.3445149,1.38208,0.3339428,0.4455611,1.366703,0.09604885,-0.7588386,1.328382,0.3440793,-0.6821821,1.265697
3,93,0.1978206,0.8516833,1.646413,0.07466532,0.5820214,1.678856,0.4093583,0.6229044,1.557933,0.2400823,0.6487238,1.623312,0.09565277,-0.3573919,1.448216,0.3383655,-0.2755656,1.349208,0.05251804,0.3669131,1.680646,0.5408879,0.4460995,1.4829,0.2347333,0.4123493,1.596267,0.1535027,0.3342809,1.424777,0.3309873,0.4456672,1.35732,0.09607153,-0.7583172,1.326553,0.3440634,-0.6834048,1.264298
3,94,0.1970341,0.8508538,1.641863,0.07609727,0.5815024,1.681574,0.4094813,0.6245334,1.551169,0.2410163,0.6502405,1.619012,0.09219226,-0.3572562,1.446438,0.3341179,-0.2760902,1.344719,0.02288472,0.2979105,1.707139,0.5447372,0.4523203,1.468832,0.2356804,0.413532,1.592785,0.1488704,0.3348261,1.446131,0.3251871,0.4430839,1.34724,0.09371242,-0.7576477,1.326121,0.3423616,-0.6853265,1.263432
3,95,0.1956151,0.8498138,1.638029,0.07638507,0.5817621,1.68213,0.408771,0.6230329,1.55264,0.2409066,0.6500645,1.618734,0.09283493,-0.3527316,1.439932,0.3382755,-0.2711304,1.335077,0.02800415,0.2982238,1.714723,0.5451272,0.4619837,1.45236,0.2357304,0.4134175,1.591815,0.1312611,0.3360966,1.46689,0.3207378,0.4376085,1.338532,0.09310079,-0.7565479,1.327768,0.3399016,-0.6872202,1.263711
3,96,0.1920712,0.8482535,1.634183,0.07662702,0.5816856,1.683058,0.4070962,0.6223135,1.550173,0.240394,0.6496837,1.618151,0.08994338,-0.3489887,1.43533,0.339355,-0.2688718,1.331815,0.06382357,0.2899001,1.667143,0.5438891,0.4670611,1.436006,0.2352608,0.4131165,1.590229,0.1117228,0.3573145,1.466233,0.3153701,0.432418,1.329228,0.09298787,-0.7565164,1.327921,0.3347996,-0.6893148,1.263772
3,97,0.1701833,0.8458452,1.630769,0.07750006,0.5847819,1.686628,0.4009375,0.6216686,1.544546,0.2364395,0.6494086,1.617348,0.05461975,-0.31063,1.417708,0.3385778,-0.2697184,1.331763,0.05845407,0.3138286,1.682654,0.5125201,0.4784689,1.393093,0.230063,0.4137022,1.58876,0.07228407,0.4173641,1.427163,0.2668816,0.4392481,1.331794,0.09471869,-0.7477627,1.335865,0.3252761,-0.6886048,1.26632
3,98,0.1589129,0.8452357,1.630623,0.07560938,0.5985679,1.71077,0.3622035,0.6256865,1.513922,0.2165177,0.6521795,1.609884,0.05360046,-0.3104518,1.417711,0.335861,-0.2708859,1.333459,0.05777349,0.3269924,1.690721,0.5098521,0.4791715,1.393108,0.2157503,0.4166625,1.584822,0.05360481,0.4547238,1.447183,0.257222,0.4413702,1.332476,0.09454143,-0.7472951,1.335559,0.3216175,-0.6886768,1.266163
3,99,0.1474838,0.8460672,1.632147,0.0750731,0.5987528,1.710814,0.3575665,0.6260107,1.514417,0.2063856,0.6535472,1.609748,0.05212692,-0.3112255,1.418248,0.3188784,-0.2765641,1.342033,0.04842744,0.3830469,1.650125,0.4998134,0.480215,1.395378,0.2059122,0.4178766,1.584856,0.01512639,0.4971121,1.406689,0.233367,0.4469864,1.339725,0.02576921,-0.7113763,1.290629,0.3213747,-0.6885954,1.265829
3,100,0.1301387,0.847618,1.635161,0.06817335,0.6088266,1.714842,0.3451833,0.6266357,1.51599,0.1926822,0.6548437,1.611742,0.04206188,-0.3182061,1.423402,0.3099445,-0.2796772,1.34765,0.0229295,0.4123872,1.581526,0.4841236,0.4809375,1.401538,0.193853,0.4195048,1.586901,-0.03469969,0.2945188,1.814123,0.239614,0.4449524,1.336927,0.1032735,-0.7441525,1.328801,0.3240071,-0.6885784,1.262881
3,101,0.1164776,0.848814,1.638873,0.06483721,0.6102258,1.715008,0.3365624,0.6262759,1.517702,0.1887492,0.6552398,1.612467,0.03889325,-0.3339805,1.427817,0.2987328,-0.2896929,1.355301,0.01060916,0.4273551,1.598788,0.4674433,0.4801924,1.409681,0.1873755,0.4198909,1.588227,-0.04622075,0.3115955,1.832533,0.1988301,0.4498442,1.350712,0.1122065,-0.7425957,1.326227,0.326293,-0.6889398,1.261906
3,102,0.08248454,0.8495966,1.647379,0.007999717,0.6155883,1.743411,0.2812464,0.6161118,1.535727,0.1350462,0.6502284,1.626648,0.03673132,-0.3386145,1.435558,0.278333,-0.3064148,1.36854,0.005436833,0.3806798,1.674591,0.4120899,0.4621615,1.436056,0.1405688,0.415164,1.601645,-0.05189694,0.2635616,1.906629,0.1690632,0.4424464,1.359705,0.03421084,-0.7134813,1.279618,0.3272702,-0.6898567,1.261871
3,103,0.07168636,0.848128,1.649468,0.002352237,0.6160826,1.745415,0.2752338,0.612734,1.537621,0.1297048,0.6482151,1.628356,0.03437653,-0.3414687,1.440529,0.2788339,-0.3077842,1.369287,-0.005366828,0.3499671,1.734359,0.4066016,0.4555074,1.442965,0.1348016,0.4131755,1.603625,-0.06254504,0.2333521,1.966112,0.1556537,0.4345871,1.364183,0.03448839,-0.7178029,1.274836,0.3290145,-0.6907253,1.260172
3,104,0.05285985,0.8442221,1.652865,-0.01039895,0.6147868,1.747863,0.2606757,0.603362,1.543118,0.1156433,0.6423076,1.632547,0.03154013,-0.3431305,1.444364,0.2778753,-0.3109953,1.369407,-0.03453015,0.3716518,1.683423,0.3865067,0.4413878,1.45873,0.1210238,0.4071217,1.608305,-0.09138386,0.254842,1.914975,0.1288275,0.4285732,1.370755,0.03582199,-0.7191863,1.271239,0.3278676,-0.6921586,1.262448
3,105,0.03605964,0.8389194,1.653683,-0.03401162,0.6073861,1.755901,0.2482971,0.5952737,1.549113,0.1011579,0.6351667,1.636187,0.02823996,-0.345705,1.447289,0.274368,-0.319209,1.367481,-0.04668908,0.3679586,1.686907,0.3726452,0.427649,1.469311,0.1061374,0.4002759,1.612135,-0.1033592,0.2513296,1.918147,0.1233376,0.4120717,1.373574,0.0380105,-0.7194691,1.268546,0.3262621,-0.6956269,1.260615
3,106,0.02030497,0.8348497,1.65543,-0.05438822,0.6015229,1.76609,0.2356021,0.587016,1.555792,0.08588637,0.6274402,1.640584,0.02577213,-0.3517215,1.449569,0.2694044,-0.3211001,1.364955,-0.06914414,0.3593451,1.700991,0.3611016,0.4164457,1.479276,0.09314392,0.3940111,1.615717,0.01559662,0.4167662,1.521809,0.113246,0.3971361,1.377996,0.04100925,-0.7213665,1.265916,0.3239986,-0.6922911,1.263097
3,107,0.003469707,0.83009,1.658019,-0.06476668,0.5973864,1.767928,0.2256639,0.5819775,1.562892,0.07199924,0.6229223,1.645369,0.02388008,-0.3542417,1.451113,0.2615303,-0.3204165,1.358359,-0.08854813,0.3487627,1.717651,0.3539972,0.4118138,1.486983,0.08005697,0.3893898,1.619887,-0.1054348,0.4736723,1.461363,0.1049643,0.384454,1.382677,0.09885508,-0.7578025,1.301111,0.3204745,-0.6956552,1.262078
3,108,-0.00821693,0.827888,1.660105,-0.07514959,0.5952513,1.768865,0.2154154,0.5794764,1.570307,0.05970024,0.6201061,1.650153,0.02228061,-0.3558475,1.453136,0.2532578,-0.3173879,1.350791,-0.1084884,0.3516085,1.708278,0.347461,0.4098032,1.494859,0.0669817,0.3869456,1.623724,-0.1027473,0.4243682,1.58325,0.09821799,0.3762179,1.389396,0.08233098,-0.7560274,1.293853,0.3161173,-0.6980901,1.258137
3,109,-0.02007402,0.8258203,1.662405,-0.0746486,0.5958154,1.768185,0.2069255,0.5785524,1.576302,0.05872097,0.6199732,1.650426,0.02093232,-0.3574395,1.455747,0.2439227,-0.3121209,1.341904,-0.129264,0.3413768,1.754797,0.3426198,0.4116037,1.500963,0.06314923,0.3865642,1.624709,-0.110502,0.4289142,1.583266,0.09261824,0.3732161,1.397494,0.07130425,-0.7539988,1.290683,0.3108235,-0.7005064,1.255019
3,110,-0.04080501,0.826553,1.668674,-0.1140454,0.5791253,1.759098,0.1884793,0.5824211,1.588997,0.02340825,0.6201957,1.665104,0.02190072,-0.3612767,1.461438,0.2235291,-0.295128,1.329296,-0.1764271,0.3049213,1.805837,0.3344953,0.4217194,1.510578,0.04457565,0.3871588,1.630554,-0.1491268,0.4379834,1.548954,0.08720133,0.37679,1.408824,0.06974332,-0.7555416,1.286248,0.2780751,-0.7099443,1.258138
3,111,-0.04954978,0.8275385,1.672941,-0.1070265,0.590188,1.763165,0.1880023,0.5825478,1.58925,0.02112875,0.620377,1.66596,0.03356472,-0.3895675,1.465661,0.2148468,-0.289736,1.327101,-0.1783412,0.3163398,1.802884,0.3297935,0.4298806,1.514307,0.03969624,0.3880939,1.632284,-0.1604608,0.4335429,1.538112,0.08539712,0.3787079,1.410276,0.07438757,-0.7551171,1.282808,0.2764056,-0.6910266,1.236362
3,112,-0.06442332,0.8281499,1.680255,-0.1328785,0.5686446,1.765659,0.1693244,0.5912883,1.597074,0.008268001,0.6229526,1.671288,0.03645295,-0.3932158,1.467912,0.1843715,-0.2978821,1.324257,-0.2047896,0.2933896,1.792203,0.3188958,0.4425469,1.514151,0.03157691,0.3895541,1.636594,-0.1789757,0.4094723,1.511929,0.08019967,0.3827654,1.403997,0.07796967,-0.7543461,1.277959,0.2800293,-0.6630859,1.194336
3,113,-0.07309398,0.826786,1.683974,-0.1351893,0.5670875,1.766261,0.1705581,0.590155,1.595841,0.007888579,0.6228204,1.671466,0.03814789,-0.3976043,1.46877,0.1783952,-0.2982768,1.321146,-0.2059371,0.295585,1.771333,0.31397,0.4472455,1.511909,0.02998278,0.3891801,1.637386,-0.1861911,0.3901133,1.497426,0.07642034,0.3824227,1.39566,0.07636674,-0.7530102,1.277299,0.2651519,-0.6611924,1.19109
3,114,-0.08202063,0.8220698,1.686744,-0.1592613,0.5413491,1.778043,0.1569363,0.5890296,1.592035,-0.004435815,0.6185254,1.673707,0.03662029,-0.4000498,1.468307,0.1646434,-0.2772435,1.289121,-0.2056356,0.2686665,1.743217,0.2986144,0.4514779,1.492831,0.01959541,0.3853613,1.637735,-0.1963594,0.3451784,1.480061,0.05668731,0.375351,1.372536,0.03102112,-0.7373047,1.291992,0.2290767,-0.6523017,1.177272
3,115,-0.08772336,0.8179605,1.688628,-0.1606114,0.5375196,1.778382,0.1498336,0.5878415,1.587895,-0.00905914,0.6156863,1.674102,0.03478619,-0.4023685,1.467214,0.1631555,-0.27692,1.286208,-0.2036498,0.2621534,1.736043,0.2911383,0.4520288,1.477119,0.01428204,0.3822077,1.63746,-0.1930835,0.3293291,1.473795,0.04939893,0.3698367,1.359424,0.03008632,-0.7370321,1.291992,0.2510177,-0.5996771,1.055268
3,116,-0.09256161,0.8146284,1.688574,-0.1596897,0.5318626,1.775198,0.1430368,0.5877779,1.582026,-0.01308253,0.612177,1.672675,0.03345016,-0.4026468,1.466272,0.159925,-0.2761728,1.278926,-0.1991396,0.2481776,1.725164,0.2838895,0.4515473,1.45496,0.01008337,0.3787521,1.635182,-0.1865777,0.3164088,1.467397,0.02491404,0.365833,1.347521,0.02533048,-0.7360361,1.290755,0.2364669,-0.5949327,1.0341
3,117,-0.09730656,0.8104231,1.687373,-0.1595371,0.527367,1.774692,0.1333308,0.5897239,1.575248,-0.01591677,0.6109283,1.671289,0.03284932,-0.4032201,1.465662,0.1550852,-0.2752165,1.272054,-0.171168,0.2607195,1.741803,0.2593723,0.4510945,1.423056,0.007949517,0.3774701,1.633064,-0.1784611,0.3051912,1.466777,0.01354192,0.3626068,1.334966,0.02383278,-0.735468,1.291158,0.2258767,-0.5803965,1.014677
3,118,-0.1018676,0.8087012,1.685051,-0.1592432,0.5266735,1.774905,0.1223217,0.5936886,1.565375,-0.01875247,0.6096407,1.668087,0.03269095,-0.4034231,1.464758,0.1502227,-0.2812264,1.269238,-0.159895,0.2416856,1.745961,0.2558568,0.4560895,1.410033,0.006117258,0.3763093,1.629296,-0.1681395,0.303027,1.469116,0.004792782,0.3631286,1.317331,0.02853307,-0.7342796,1.294065,0.2143674,-0.5736898,1.00021
3,119,-0.1114603,0.8117076,1.674844,-0.1568973,0.5339684,1.7791,0.09531992,0.6134245,1.53315,-0.02504182,0.6143857,1.651671,0.03466263,-0.4041409,1.463509,0.1371169,-0.3039814,1.283003,-0.124944,0.262501,1.700387,0.225361,0.4860875,1.35643,0.004355794,0.3785397,1.620816,-0.1441263,0.3175266,1.467981,-0.03145251,0.3715408,1.276292,0.03101479,-0.7338836,1.296587,0.1785905,-0.5660645,0.9884822
3,120,-0.1153443,0.8150302,1.6671,-0.1505621,0.5409172,1.774717,0.09031677,0.6180555,1.523979,-0.02725475,0.6188963,1.64196,0.03863386,-0.4051133,1.461906,0.1374019,-0.3057731,1.282323,-0.1175987,0.270285,1.695695,0.2169249,0.4838266,1.327606,0.009621004,0.3807419,1.610291,-0.1394933,0.317789,1.474834,-0.05068228,0.3778684,1.250291,0.02969184,-0.7350889,1.297655,0.1678805,-0.5632525,0.9908601
4,121,-0.121291,0.8213401,1.639176,-0.1489256,0.5554565,1.749966,0.06877191,0.6464307,1.473213,-0.03097688,0.6304849,1.611159,0.04634491,-0.408509,1.459048,0.1332163,-0.3093851,1.294505,-0.1030685,0.2725979,1.692045,0.1774768,0.5091938,1.271101,0.02083636,0.3850822,1.582738,-0.1384981,0.3199171,1.480578,-0.09180491,0.3900633,1.188583,0.03044013,-0.7355968,1.298061,0.1679071,-0.5726155,1.004927
4,122,-0.1279242,0.8256742,1.601825,-0.1492968,0.5661188,1.712703,0.05590094,0.6637127,1.426805,-0.03363102,0.6384113,1.579618,0.05198671,-0.4123586,1.456004,0.1420318,-0.3178236,1.273078,-0.0723666,0.3665708,1.72456,0.1273938,0.4959864,1.197816,0.01845524,0.3895408,1.561473,-0.1390933,0.2714903,1.517943,-0.1323069,0.3988135,1.115347,0.02965318,-0.7362177,1.297966,0.1599491,-0.5710098,1.010649
4,123,-0.1344202,0.8271117,1.58623,-0.100284,0.5328295,1.720595,0.05306898,0.6643676,1.415409,-0.03730983,0.6390023,1.561905,0.05269909,-0.4132381,1.45419,0.1311983,-0.3087502,1.281777,-0.08444311,0.2561772,1.623041,0.1154832,0.4914676,1.181934,0.0154308,0.3861293,1.546017,-0.2261213,0.2832868,1.383572,-0.1530012,0.3958246,1.083185,0.02894138,-0.7371962,1.297807,0.2006036,-0.6187438,0.9277638
4,124,-0.1450238,0.8284262,1.56218,-0.09737484,0.5394665,1.721648,0.04650798,0.668171,1.375127,-0.04026599,0.6442383,1.537303,0.05203333,-0.4136258,1.452756,0.1428795,-0.3309024,1.248673,-0.08529815,0.2625765,1.624182,0.098323,0.4874932,1.158279,0.01391733,0.3869563,1.528673,-0.2327671,0.2044496,1.405861,-0.1746254,0.3924556,1.049476,0.02851573,-0.7371203,1.297955,0.2020565,-0.6450873,0.9351798
4,125,-0.1565126,0.8251745,1.539108,-0.09544012,0.55023,1.707598,0.0461376,0.6690684,1.353531,-0.04055517,0.6498189,1.514011,0.04990259,-0.4128244,1.450666,0.138989,-0.322028,1.244443,-0.08610924,0.2687758,1.625587,0.05693811,0.4789696,1.125331,0.01814822,0.3879712,1.510647,-0.22864,0.1304185,1.43303,-0.206892,0.3839244,1.016458,0.02785015,-0.7373862,1.297839,0.2088675,-0.6550628,0.9350679
4,126,-0.1710847,0.8100686,1.479599,-0.09538334,0.5592286,1.64687,0.04479151,0.6713958,1.290911,-0.04154506,0.6541531,1.457174,0.05055914,-0.4139102,1.446448,0.151298,-0.2579465,1.162418,-0.07342058,0.2698984,1.63561,0.02912254,0.4701786,1.089666,0.02090139,0.3895978,1.474221,-0.1438404,0.02883114,1.554993,-0.2151011,0.3713233,0.9573423,0.02688722,-0.7370436,1.297593,0.2022189,-0.694292,1.000447
4,127,-0.1733855,0.8076568,1.467971,-0.09703071,0.5570155,1.633668,0.0431744,0.6692675,1.277658,-0.04241552,0.6525875,1.446176,0.05500982,-0.4172124,1.44147,0.1516098,-0.2573892,1.161765,-0.07381532,0.2677636,1.625016,0.07463592,0.4746864,1.119967,0.02219934,0.3892451,1.463567,-0.05992977,0.03112907,1.65938,-0.2085132,0.3682627,0.9344432,0.02623472,-0.7365046,1.297004,0.2062698,-0.7005757,1.001073
4,128,-0.1772254,0.8023907,1.445798,-0.09984086,0.5526256,1.610343,0.04041984,0.6650305,1.254245,-0.04341987,0.6495369,1.426156,0.06160828,-0.4224295,1.437138,0.1529887,-0.2567001,1.161183,-0.05147836,0.2731301,1.534419,0.05760261,0.4723842,1.092322,0.02566342,0.3891984,1.451523,-0.01461424,0.1160663,1.6766,-0.2014799,0.3666153,0.918139,0.02667981,-0.7344416,1.297574,0.2080504,-0.7030393,1.000804
4,129,-0.08750524,0.7240051,1.34782,-0.1003203,0.5508879,1.596615,0.1567014,0.4689586,1.329989,-0.04331924,0.6457402,1.414742,0.06755902,-0.4271815,1.433597,0.1322321,-0.3261587,1.249125,-0.05156399,0.2701847,1.525213,0.05576495,0.4719498,1.093999,0.02833882,0.3791932,1.445725,0.00133027,0.1284822,1.682334,-0.1966574,0.3647415,0.9070991,0.02744078,-0.7325802,1.297877,0.2560771,-0.6556606,0.8954142
4,130,-0.08507662,0.7160972,1.334324,-0.1004374,0.5478913,1.581705,0.1576473,0.4707869,1.325294,-0.04300357,0.6419575,1.400457,0.07284602,-0.4330342,1.430234,0.1324253,-0.3263699,1.249777,-0.05055914,0.2676049,1.5086,0.003651611,0.4631398,1.070835,0.03028867,0.373756,1.436479,0.02335505,0.1282875,1.694105,-0.1919457,0.3624026,0.898747,0.02872799,-0.7285957,1.296199,0.2567014,-0.6544803,0.8938575
4,131,-0.0796448,0.7095197,1.320882,-0.1012872,0.543955,1.567839,-0.04295939,0.5007693,1.383852,-0.04242935,0.6389735,1.386885,0.07756587,-0.4406061,1.426826,0.129476,-0.3242944,1.262579,-0.05712314,0.2656745,1.482339,-0.02039829,0.4671339,1.089139,0.03567778,0.3728951,1.423614,-0.04609994,0.2579273,1.195561,-0.1893758,0.3589255,0.8917447,0.03199841,-0.7235743,1.295974,0.2314376,-0.660749,0.920778
4,132,-0.07078189,0.6996671,1.308057,-0.1010457,0.5379574,1.553628,-0.04258952,0.498464,1.379609,-0.0411739,0.6341446,1.373479,0.07983869,-0.4432138,1.425622,0.1290502,-0.3239477,1.263248,0.04093545,0.3834444,1.379195,-0.02189239,0.4654145,1.08469,0.03986096,0.3708861,1.412998,-0.06903397,0.2579959,1.364047,-0.1889815,0.3539238,0.8851038,0.03573108,-0.7178162,1.295745,0.2309639,-0.6587995,0.9202601
4,133,-0.06761018,0.6897755,1.286021,-0.10099,0.5252415,1.532781,-0.04210239,0.486086,1.360996,-0.04032644,0.6234071,1.354999,0.08092695,-0.4426491,1.42737,0.1367831,-0.3249618,1.236054,0.0409147,0.3773476,1.370775,-0.02444057,0.4563434,1.065512,0.042799,0.3651768,1.401463,-0.07096001,0.2527917,1.340318,-0.1837894,0.3442894,0.8757956,0.03891663,-0.7183231,1.298851,0.2413875,-0.6858111,0.925029
4,134,-0.06685541,0.6868501,1.278717,-0.1010397,0.5208566,1.526062,-0.04205976,0.4813048,1.353991,-0.0401353,0.6190099,1.34826,0.08277693,-0.4437888,1.428642,0.1372067,-0.325689,1.233292,0.04046385,0.3787901,1.342626,-0.02475119,0.451427,1.058495,0.04408068,0.3612486,1.395489,-0.07262022,0.2490003,1.32296,-0.182371,0.3393128,0.8710636,0.04124922,-0.7178821,1.30068,0.2433255,-0.6886263,0.925162
4,135,-0.0613104,0.6813404,1.266229,-0.09983861,0.5137052,1.514014,-0.04076728,0.4739802,1.341921,-0.03688944,0.6133643,1.332639,0.08547706,-0.4323655,1.427586,0.1372821,-0.326376,1.230907,0.04148696,0.375817,1.33244,-0.02418127,0.4432248,1.046468,0.05783918,0.3627408,1.363152,-0.1250706,0.2015236,1.294981,-0.1788045,0.3332953,0.8639671,0.0430859,-0.7226323,1.302611,0.2357403,-0.6828058,0.9311317
4,136,-0.05810263,0.6781614,1.258724,-0.09867166,0.5103198,1.506442,-0.03956452,0.4705595,1.334382,-0.03536374,0.6110288,1.325595,0.08590519,-0.4324998,1.427595,0.1374737,-0.3265077,1.2298,0.04272065,0.3735836,1.324315,-0.02324178,0.4398217,1.038907,0.05866616,0.3623173,1.360811,-0.1234915,0.2038426,1.277202,-0.1752895,0.3315578,0.8625953,0.04396707,-0.7224144,1.303415,0.2362721,-0.6835699,0.9310724
4,137,-0.05458107,0.6754541,1.253344,-0.09762956,0.508611,1.500481,-0.03849933,0.4688352,1.328435,-0.03418917,0.6097664,1.320551,0.08634792,-0.4336976,1.427896,0.1376297,-0.3269829,1.230339,0.04380473,0.3724574,1.318051,-0.02233335,0.4372008,1.033043,0.05937636,0.3618227,1.359341,-0.08270836,0.3440699,0.950874,-0.1735099,0.3295664,0.8594753,0.0441172,-0.7218665,1.303588,0.2365629,-0.6831498,0.9299181
4,138,-0.04638601,0.6699485,1.246348,-0.09428613,0.5068297,1.4913,-0.03511909,0.4670464,1.319256,-0.03070721,0.608332,1.311875,0.08718903,-0.4340276,1.428307,0.1348328,-0.3259884,1.248996,0.04717739,0.3711419,1.308669,-0.01979742,0.4341406,1.023955,0.06239435,0.3609016,1.353916,-0.0486799,0.3667807,0.941526,-0.1715427,0.32579,0.8540758,0.04430046,-0.7220467,1.304183,0.2280078,-0.6659499,0.9270465
4,139,-0.04353527,0.6681275,1.24203,-0.09267592,0.5061228,1.486305,-0.03349093,0.4663389,1.31426,-0.02907196,0.6077628,1.307345,0.08787265,-0.4342635,1.428595,0.1360571,-0.3267872,1.247371,0.04879092,0.3706229,1.303621,-0.01788441,0.4332214,1.018994,0.06391793,0.3604482,1.351097,-0.04837734,0.3686363,0.9370866,-0.1710353,0.3240926,0.8508208,0.04507493,-0.7222998,1.30394,0.2289555,-0.6674503,0.9258116
4,140,-0.04024608,0.6657631,1.236695,-0.08988136,0.5059829,1.479865,-0.03067159,0.4662046,1.307815,-0.02659464,0.6075711,1.301804,0.08866461,-0.4347761,1.428446,0.1369779,-0.3276112,1.245723,0.05158602,0.3706158,1.297137,-0.01585444,0.4318704,1.012645,0.06544421,0.3599277,1.348213,-0.05260347,0.3712713,0.9281523,-0.1707076,0.3228799,0.8488674,0.04571274,-0.7225068,1.304184,0.2303176,-0.668866,0.9245728
4,141,-0.03644484,0.6636567,1.233371,-0.08801405,0.5049956,1.475674,-0.07004482,0.6615485,1.305808,-0.02526882,0.6080179,1.296987,0.09014519,-0.4265625,1.427185,0.1377697,-0.3281417,1.243749,0.06443775,0.3601231,1.294932,-0.0286313,0.4917089,1.065264,0.06457927,0.3669237,1.339359,-0.05425328,0.3581986,0.9164038,-0.1679783,0.3235199,0.8484559,0.04742284,-0.7254549,1.305364,0.2135042,-0.6599689,0.935721
4,142,-0.03188118,0.6617969,1.230256,-0.08630836,0.5038835,1.471651,-0.06991685,0.6614211,1.305464,-0.02403873,0.6079057,1.292981,0.09082838,-0.4239418,1.42651,0.1383714,-0.3278728,1.241492,0.06782158,0.3572716,1.293238,-0.02780178,0.4918318,1.064979,0.06460927,0.3687821,1.336112,-0.04375758,0.3689768,0.9255919,-0.1670877,0.3230762,0.8475506,0.04836255,-0.7263168,1.30597,0.2143514,-0.6618719,0.9350336
4,143,-0.02742796,0.6610382,1.229887,-0.08292165,0.50332,1.470995,-0.06772663,0.661227,1.306166,-0.02161368,0.6078737,1.292191,0.09143712,-0.4209447,1.425488,0.1384934,-0.3274027,1.240372,0.0736536,0.3551487,1.294273,-0.02629106,0.4924437,1.065097,0.06523985,0.3694215,1.335499,-0.04628337,0.3556172,0.9164178,-0.1661,0.3203506,0.8467245,0.04942802,-0.7279052,1.307305,0.2151136,-0.6635441,0.934552
4,144,-0.0242336,0.6601132,1.229345,-0.08016448,0.5029435,1.470083,-0.06574327,0.6610914,1.306296,-0.01940876,0.6078128,1.291152,0.09169909,-0.4197576,1.424755,0.1385408,-0.3266425,1.239203,0.0769664,0.3541277,1.294264,-0.0249515,0.4927018,1.065142,0.06590882,0.3698758,1.33462,-0.06820123,0.3321187,0.9368311,-0.1650994,0.3185947,0.8462129,0.04970494,-0.7283851,1.307508,0.215694,-0.664989,0.9341016
4,145,-0.02170547,0.6597502,1.228643,-0.07831585,0.502402,1.469313,-0.06430081,0.6607482,1.306232,-0.01781517,0.607536,1.290228,0.09209774,-0.4193765,1.424001,0.1385946,-0.3263174,1.238225,0.07903532,0.3532012,1.29406,-0.02365818,0.4928476,1.06501,0.06657225,0.3701974,1.333581,-0.04204946,0.3454864,0.9235545,-0.1630499,0.3179272,0.8462411,0.05002873,-0.7288043,1.30872,0.2160545,-0.6656826,0.9339128
4,146,-0.01979143,0.6592724,1.227839,-0.07687493,0.5019089,1.468373,-0.06313716,0.6604108,1.305877,-0.01639077,0.6072582,1.288981,0.09310598,-0.4191481,1.42172,0.1386442,-0.325792,1.237191,0.08052862,0.3524719,1.293561,-0.022792,0.4926719,1.064814,0.06760839,0.3706499,1.331478,-0.06501032,0.3281717,0.9350744,-0.1623653,0.3167474,0.847212,0.05100369,-0.7288919,1.30951,0.2164565,-0.6663789,0.9339023
4,147,-0.0173075,0.6590555,1.227569,-0.07586655,0.5016574,1.467746,-0.0622532,0.6602342,1.305619,-0.01547833,0.6071343,1.288245,0.09323677,-0.4190725,1.421128,0.1386724,-0.3255945,1.236699,0.04090544,0.3418622,1.369725,-0.0221147,0.4924561,1.064861,0.06805088,0.3708542,1.330606,-0.1075926,0.2962335,1.073571,-0.1620433,0.3163848,0.8477648,0.05108166,-0.7291507,1.309843,0.2164746,-0.6671337,0.9338201
4,148,-0.01341406,0.6573541,1.227455,-0.07463096,0.5007965,1.466496,-0.06112863,0.6595144,1.304819,-0.01423642,0.60653,1.286738,0.09351145,-0.4192972,1.419983,0.1386551,-0.3253022,1.235872,0.04168451,0.3406222,1.369001,-0.02134319,0.491886,1.064194,0.06910964,0.3710731,1.328351,-0.03143449,0.3507079,0.992349,-0.1615015,0.3160757,0.845789,0.05131321,-0.7290245,1.309715,0.2161536,-0.6675812,0.9339166
4,149,-0.01169154,0.6563628,1.226892,-0.07368234,0.5002784,1.465444,-0.06022322,0.659062,1.304069,-0.01337845,0.6061158,1.285567,0.09361031,-0.4195057,1.419363,0.1388915,-0.3246827,1.234355,0.04222299,0.3398026,1.368389,-0.02083042,0.4915525,1.063587,0.06951775,0.3709308,1.326994,-0.02722121,0.3491582,0.9775672,-0.1613197,0.3159449,0.8453733,0.05125543,-0.7289856,1.309741,0.2165985,-0.6690381,0.9335588
4,150,-0.009613102,0.6556808,1.227363,-0.07313289,0.5000548,1.465212,-0.05964755,0.6588464,1.303954,-0.01285182,0.6059532,1.285205,0.09402674,-0.4197175,1.417944,0.1388963,-0.324255,1.233774,0.04243488,0.3395085,1.368265,-0.02035219,0.4915667,1.063577,0.069915,0.3709502,1.32621,-0.0248045,0.3479072,0.9799201,-0.1610788,0.3155193,0.8459979,0.0514505,-0.7288706,1.309723,0.2165899,-0.6696324,0.9331259
5,151,-0.008135342,0.6551116,1.226218,-0.07206277,0.4994494,1.463952,-0.05858381,0.6582838,1.302919,-0.01182817,0.6054906,1.283906,0.09407058,-0.4202175,1.417422,0.139529,-0.3238375,1.231192,0.04310929,0.3386515,1.367361,-0.01952621,0.4910814,1.062728,0.07063139,0.3708562,1.324984,-0.02732074,0.3460523,0.9733862,-0.1591518,0.3154534,0.8467505,0.05195508,-0.7286657,1.309739,0.2173555,-0.6718512,0.9329669
5,152,-0.007645198,0.6551245,1.226845,-0.07188393,0.4993104,1.46454,-0.05834708,0.6581226,1.303673,-0.01170665,0.6054565,1.284153,0.09433503,-0.4205449,1.416823,0.1400605,-0.3226105,1.228702,0.04303869,0.3384648,1.368129,-0.0192491,0.4913677,1.063451,0.0707133,0.3709809,1.324857,-0.02508362,0.3464449,0.9824046,-0.1597099,0.314915,0.8469223,0.05204736,-0.7287031,1.309632,0.2175475,-0.6735942,0.9335726
5,153,-0.007454595,0.6554117,1.227132,-0.07195783,0.4989626,1.465063,-0.05840096,0.6577475,1.304302,-0.01172068,0.6052693,1.284433,0.09440568,-0.4208679,1.416602,0.140535,-0.3214461,1.226789,0.04268698,0.3380355,1.368847,-0.01905776,0.4915015,1.064036,0.07072955,0.3709905,1.324848,-0.02211543,0.3458694,0.9824014,-0.1591825,0.3149267,0.8464521,0.05205344,-0.7286451,1.309647,0.2178983,-0.6751853,0.9336503
5,154,-0.007217714,0.6552847,1.227298,-0.07198936,0.4988005,1.465138,-0.05842188,0.6575801,1.304407,-0.01171953,0.6051968,1.284446,0.09451154,-0.4209647,1.416547,0.1405392,-0.3219247,1.227349,-0.02811979,0.2887954,1.263557,-0.01896194,0.4914938,1.064311,0.07083016,0.371067,1.324603,-0.03508982,0.3700135,0.9005029,-0.1591649,0.3147402,0.8462037,0.05223466,-0.7285296,1.309399,0.2171003,-0.6749336,0.9338057
5,155,-0.006876661,0.6552501,1.227292,-0.07197746,0.4986103,1.46509,-0.05839922,0.6573994,1.304385,-0.01166304,0.6050799,1.284341,0.09465645,-0.4205999,1.416479,0.1405672,-0.3218888,1.22739,-0.02896506,0.2884189,1.263829,-0.01881879,0.4914649,1.06446,0.07121385,0.3712932,1.323874,-0.03544949,0.3699826,0.9010965,-0.1593489,0.3146789,0.8466448,0.05243219,-0.7286764,1.309351,0.2163962,-0.6746621,0.9342862
5,156,0.006993129,0.6512805,1.234433,-0.07197107,0.498387,1.46488,-0.05838043,0.6571947,1.304216,-0.01160226,0.6049111,1.284093,0.09477602,-0.4207917,1.416552,0.1406044,-0.3219854,1.227443,-0.03003561,0.2876564,1.264262,-0.01869109,0.4914073,1.064458,0.07145386,0.3713347,1.323376,-0.03522746,0.3696022,0.9008037,-0.1589138,0.3144559,0.8467183,0.05241864,-0.7287825,1.309056,0.2163852,-0.6747813,0.9341066
5,157,0.001322687,0.6524386,1.231158,-0.07198978,0.4981701,1.464777,-0.05838763,0.6569894,1.30414,-0.01156175,0.6047713,1.283964,0.09497122,-0.4205923,1.416605,0.1407115,-0.3218868,1.227449,-0.03009309,0.287772,1.264099,-0.01857154,0.4913356,1.064559,0.0717286,0.371424,1.323004,-0.03577433,0.3694662,0.9017103,-0.1590412,0.3143679,0.8468561,0.05257807,-0.7287991,1.309099,0.2161911,-0.6749597,0.9340245
5,158,-0.0006117858,0.6533322,1.229269,-0.0716809,0.498022,1.46431,-0.05807152,0.6568484,1.303717,-0.01109903,0.604651,1.283327,0.09528915,-0.420623,1.416485,0.1407315,-0.3218553,1.227483,-0.02978931,0.2881351,1.263381,-0.01833306,0.491189,1.064369,0.07267935,0.3715317,1.321765,-0.03513369,0.3683255,0.900987,-0.1588712,0.3139536,0.8460506,0.05255902,-0.7287045,1.309188,0.216019,-0.6749179,0.933736
5,159,-0.001151239,0.6530598,1.227289,-0.07056913,0.4975155,1.46304,-0.0569416,0.6563537,1.302504,-0.009829627,0.6042945,1.281975,0.09608499,-0.4201387,1.416064,0.1407817,-0.3218288,1.22752,-0.02878032,0.2881409,1.261832,-0.01774751,0.4905325,1.063416,0.07427068,0.3717106,1.320235,-0.03338353,0.3691686,0.9030604,-0.1591688,0.3135193,0.8471804,0.05317343,-0.7285505,1.309269,0.2159709,-0.6746292,0.9338622
5,160,-0.002697683,0.6535758,1.226576,-0.07038862,0.4974613,1.463199,-0.05673969,0.656295,1.302688,-0.00961332,0.6042253,1.282211,0.09625972,-0.4207331,1.416112,0.1408181,-0.321914,1.227712,-0.01875906,0.3575552,1.226767,-0.01758374,0.4905427,1.063779,0.0745405,0.3716075,1.320799,-0.0456547,0.3697179,0.8961132,-0.1595658,0.3137557,0.8483523,0.05288931,-0.7281624,1.308775,0.2167073,-0.675163,0.9330314
5,161,-0.003328621,0.6538023,1.225676,-0.06923832,0.4972811,1.463078,-0.0555569,0.6561131,1.302593,-0.008537918,0.6041265,1.282108,0.09633102,-0.4208232,1.416162,0.140931,-0.3219537,1.227809,-0.01851319,0.3576725,1.227141,-0.01687737,0.4903382,1.06385,0.07527625,0.3717284,1.32075,-0.02379271,0.376147,0.9145589,-0.1605352,0.3145287,0.8486528,0.05289046,-0.7279831,1.308635,0.2166181,-0.6752181,0.9329454
5,162,-0.00366222,0.6548708,1.225459,-0.06782135,0.4975386,1.463824,-0.05410085,0.6563706,1.303377,-0.007393719,0.604207,1.282959,0.09632862,-0.4218459,1.416572,0.1410896,-0.3219876,1.228108,0.05599207,0.4695232,1.199889,-0.01581665,0.4901765,1.065078,0.07575419,0.3713509,1.322101,-0.09029692,0.3406551,0.8800636,-0.160651,0.3164475,0.8521613,0.05264704,-0.7278566,1.308591,0.2188456,-0.6763304,0.9306182
5,163,-0.004190941,0.6565111,1.22617,-0.06625088,0.4981264,1.465672,-0.0525023,0.6569533,1.305272,-0.006098872,0.6045983,1.284786,0.09624924,-0.4224371,1.417455,0.1412867,-0.322208,1.228413,0.05591196,0.4694894,1.201226,-0.01447381,0.4900453,1.067647,0.07618917,0.3712987,1.323886,-0.0662161,0.3448287,0.8908338,-0.1601447,0.3175992,0.8554443,0.05209093,-0.7278131,1.308579,0.2191166,-0.6765592,0.9298378
5,164,-0.004854799,0.6590624,1.226495,-0.06498061,0.4992099,1.467257,-0.05121909,0.658031,1.306881,-0.005109279,0.6053843,1.286298,0.09604888,-0.4236245,1.418126,0.1413886,-0.3224834,1.229173,0.05837654,0.4693469,1.203675,-0.01177521,0.4887839,1.07133,0.07638663,0.3714242,1.32524,-0.06235772,0.341677,0.8943256,-0.1614126,0.3192543,0.8603214,0.05136162,-0.7277479,1.308195,0.219098,-0.6763143,0.9291026
